{"accuracy": [0.522657036781311, 0.6029866337776184, 0.6544799208641052, 0.6936148405075073, 0.7075180411338806, 0.7435633540153503, 0.7502574920654297, 0.7512873411178589, 0.7780638337135315, 0.8105046153068542, 0.8120494484901428, 0.8105046153068542, 0.8259526491165161, 0.8290421962738037, 0.8326467275619507, 0.8372811675071716], "loss": [1.2836369276046753, 0.8690123558044434, 0.7947156429290771, 0.6878243088722229, 0.6541060209274292, 0.6124464273452759, 0.5740504860877991, 0.574347198009491, 0.5128539800643921, 0.47637972235679626, 0.456473708152771, 0.4524291753768921, 0.431448757648468, 0.40132904052734375, 0.40120598673820496, 0.38876959681510925], "val_accuracy": [0.5707656741142273, 0.6148492097854614, 0.6496519446372986, 0.7030162215232849, 0.7146171927452087, 0.6705336570739746, 0.7030162215232849, 0.6960557103157043, 0.7262181043624878, 0.7517401576042175, 0.7494199275970459, 0.7517401576042175, 0.7610208988189697, 0.7494199275970459, 0.73549884557724, 0.7517401576042175], "val_loss": [0.8390716314315796, 0.7964625358581543, 0.6945919990539551, 0.6536522507667542, 0.6179154515266418, 0.6393941640853882, 0.6210640668869019, 0.6474153399467468, 0.6182803511619568, 0.5820855498313904, 0.6275848746299744, 0.6051428914070129, 0.6687313318252563, 0.6329003572463989, 0.5947955846786499, 0.6264739036560059], "learning_rate": [0.0010000000474974513, 0.0010000000474974513, 0.0010000000474974513, 0.0010000000474974513, 0.0010000000474974513, 0.0010000000474974513, 0.0010000000474974513, 0.0010000000474974513, 0.0005000000237487257, 0.0005000000237487257, 0.0005000000237487257, 0.0005000000237487257, 0.0005000000237487257, 0.0002500000118743628, 0.0002500000118743628, 0.0002500000118743628]}